gene_ids,baseMean,log2FoldChange,lfcSE,stat,pvalue,padj,gene_name
ENSMMUG00000041378,7392.453714487282,11.090113985408713,1.8132092697304452,6.116290143970745,9.57788724384443e-10,1.6073258531863827e-07,TG
ENSMMUG00000010000,146.00170886735907,9.58962758895487,1.953595336173145,4.9087072493425286,9.167871168476162e-07,7.771897383338091e-05,KRT7
ENSMMUG00000047859,37.44528666985332,8.778684947283871,1.9942087894689782,4.402089186268944,1.0721346501341316e-05,0.0006038467964419839,SMR3A
ENSMMUG00000012926,58.30045080613172,8.73769742858628,1.6532878150883594,5.285043141819378,1.2567513631126318e-07,1.3779021945166895e-05,MUC15
ENSMMUG00000062598,75.71512119937985,8.588510110553042,1.7185036433371705,4.997667676674209,5.80278753046663e-07,5.0227707224239057e-05,NKX6-2
ENSMMUG00000008711,51.022501648730746,8.403747300678138,1.9803316312781052,4.243606054635588,2.1995634781617765e-05,0.0011096325448419807,CHI3L1
ENSMMUG00000001936,77.96456700516092,8.135759909194949,1.7039980674196031,4.774512403946025,1.8014318061016298e-06,0.0001299401205401202,MAL
ENSMMUG00000021431,102.91906680416757,7.790282935534792,1.5231332905378816,5.114642942892884,3.143349777574599e-07,3.0409135554112856e-05,CLIC3
ENSMMUG00000019713,21.585860588167,7.516479555151094,1.613487880091536,4.658528674367651,3.1847745024213604e-06,0.00020950720586728676,TSHR
ENSMMUG00000063817,20.787702047282238,7.467456566803989,1.6523244202785452,4.519364644834785,6.202548685423433e-06,0.0003722887433593933,SOX9
ENSMMUG00000062078,38.221782338479244,7.4205779750146705,1.4814008266753311,5.009162841949048,5.466730449831616e-07,4.833647794512406e-05,BPIFB1
ENSMMUG00000014691,310.82706542686043,7.337545403180802,1.771284816777564,4.142498898923404,3.43542018314726e-05,0.0016142548666297097,ID4
ENSMMUG00000011220,16.38074997702799,7.167005972518024,2.1170849181475373,3.3853181377293073,0.000710958028473124,0.01685488349171773,PIGR
ENSMMUG00000001415,14.592453257279383,7.053803106345474,1.5525628045571127,4.543328672850472,5.537281235529575e-06,0.0003365068485437157,DIO1
ENSMMUG00000008925,17.26863296150747,7.053299851962044,2.0413752024058227,3.4551707317937024,0.0005499444575786534,0.013914440845136204,BPIFA1
ENSMMUG00000000316,11.046626373404244,6.959714082037533,1.3816809001199677,5.037135623307263,4.7254996706104203e-07,4.3175315323810546e-05,BBOX1
ENSMMUG00000018154,11.272381314575421,6.657547222174281,1.7125836950447682,3.887428825485956,0.00010131168064052763,0.0037358114345608013,CRTAC1
ENSMMUG00000011514,27.393616756242945,6.498219909066784,1.8367323670924873,3.537924210130485,0.0004032857977021896,0.010980857995050016,COCH
ENSMMUG00000001143,95.06787934708765,6.482681687477276,0.8876407372272155,7.303271938293048,2.808527360679039e-13,7.963627754090944e-11,CLDN3
ENSMMUG00000011278,155.7209711989521,6.2342561747754965,0.8160576606782831,7.639479996540644,2.181007866508166e-14,8.967213843148326e-12,CRELD2
ENSMMUG00000008340,10.426640598176455,6.219793881995527,1.7987402081710528,3.4578611484533237,0.0005444819274301573,0.013818749658204269,TNFRSF8
ENSMMUG00000001497,7.943381228970623,6.16529224828498,1.8666993603217166,3.302777286655534,0.000957323874084462,0.021048326782343665,KRT27
ENSMMUG00000007899,17.10489987174011,6.139952006660641,1.0268823665665776,5.979216516483595,2.2421338047156574e-09,3.4786917502220473e-07,GRAMD2B
ENSMMUG00000017225,11.116932932133079,6.09311711732032,1.622938783922543,3.75437273277408,0.0001737761112478167,0.005832493725676721,C16orf89
ENSMMUG00000002218,3.698383652282969,6.026464909156031,0.7770786642286435,7.75528294183462,8.814672401595248e-15,4.0268361754620955e-12,RAP1GAP
ENSMMUG00000017200,5.190624354667301,5.961462886104377,0.8765958420802328,6.800697196962905,1.0411405012965771e-11,2.594332830958107e-09,SALL1
ENSMMUG00000009238,7.994993824215451,5.959933281487707,1.6534673140816114,3.6045062582915617,0.0003127469133627994,0.00935170134029927,IL1RL1
ENSMMUG00000004878,5.371750115354859,5.718340205412584,1.449646218206109,3.9446453442198117,7.991816922790143e-05,0.0031293671693382544,CACNA1I
ENSMMUG00000017834,6.300711305406565,5.656570021581241,0.5865659611805515,9.643536099838714,5.235280598916702e-22,8.609942472978407e-19,SGMS2
ENSMMUG00000012089,7.324579707388899,5.6057165864485405,1.7033918426407975,3.290914307631004,0.0009986232849575807,0.02183957253246326,MLPH
ENSMMUG00000003833,5.424090658792585,5.603280627062675,1.1594464225663383,4.832720613911834,1.3467973287102884e-06,0.0001054734707998543,RASSF6
ENSMMUG00000050904,4.428454441858287,5.576573158630214,0.8930777670401262,6.24421899686554,4.259228930917488e-10,8.338961785460596e-08,TMEM265
ENSMMUG00000020017,30.13833007820139,5.505874669091919,1.4958883255315407,3.6806722635097056,0.0002326198415014779,0.00735704983333328,NPW
ENSMMUG00000006929,16.712044726343837,5.440925446055827,1.6795231347351784,3.239565644276602,0.00119711907128917,0.02479574338340263,ST3GAL4
ENSMMUG00000048424,22.21859596805285,5.423762435109144,0.9480355856682389,5.721053636700899,1.0586546712512282e-08,1.450886226949808e-06,SDC4
ENSMMUG00000021576,2.9356692720562783,5.392727783786745,0.7236165294338631,7.452466277968886,9.161127872053727e-14,3.2753023692129474e-11,ROBO3
ENSMMUG00000011218,14.657982730057523,5.343411287070679,1.3913615950826115,3.840418842920137,0.0001228245730689007,0.004410421241683714,SERPINA3
ENSMMUG00000042048,191.32097712201488,5.272981283029823,0.6049056985254886,8.71703026749985,2.8559381431078823e-18,1.9570316125646762e-15,PDIA4
ENSMMUG00000044653,56.32573023962567,5.251082167882751,1.654618350494587,3.1735911585370324,0.001505656125395808,0.02899534032583075,CLDN4
ENSMMUG00000009914,19.683288336904727,5.233882794757086,0.7152245819721682,7.31781726562742,2.5203674056598673e-13,7.401778991693247e-11,SMAD9
ENSMMUG00000001929,3.283159044667404,5.218922664055624,0.8396803874236658,6.215368064113644,5.120448196980327e-10,9.79196407529517e-08,ELF3
ENSMMUG00000023428,3.557590474346386,5.045433606236637,1.668794013066058,3.0234010709127093,0.0024995073714028696,0.04135927572479279,NPNT
ENSMMUG00000001060,7.018354819671519,5.029969691009494,0.64647736826689,7.780581251427406,7.219208257467353e-15,3.4919735000678847e-12,RYR2
ENSMMUG00000005086,4.848337646346156,4.992870176792609,0.4881394510708619,10.228368483308282,1.4799151449502829e-24,6.084671118463088e-21,TGIF1
ENSMMUG00000018174,2.9197317803719183,4.970472475796156,1.1458315537792667,4.337873624968849,1.4386783316889809e-05,0.0007727236261855858,CAPN5
ENSMMUG00000011963,28.69741135641375,4.959378872453928,0.5583990915960526,8.881423603821972,6.601006378412646e-19,4.934552313607927e-16,CAPS
ENSMMUG00000016376,5.872892737390136,4.904111881293778,1.2114549156131857,4.048117530491449,5.163121979427066e-05,0.0022228456563784696,MAP3K5
ENSMMUG00000022133,525.3422511986711,4.8662837266448875,1.0212007880418275,4.765256532925402,1.886135226527425e-06,0.00013486686928465232,CRYAB
ENSMMUG00000005401,2.1118556655176866,4.82787573915656,0.7378585493770767,6.543091142919471,6.026007878955632e-11,1.3392395348284366e-08,FAM189A2
ENSMMUG00000049499,36.89321328190507,4.804037459523934,1.4782122820049204,3.2498968639390204,0.001154468690981974,0.024033407711252588,C4B
ENSMMUG00000021412,2.0470712577521066,4.750087673710081,1.0942497403014724,4.340953896321149,1.418654904193095e-05,0.000767473636656567,RNF128
ENSMMUG00000002033,3.148198134351033,4.663241564220789,0.6358498868878207,7.333871815319671,2.2359697149890704e-13,6.809769987538936e-11,PRSS36
ENSMMUG00000004577,131.22224096470967,4.590792810226251,1.304702467908984,3.518651127857378,0.00043374668861423566,0.011575897528400129,VEGFA
ENSMMUG00000063604,14.387053137988998,4.57583304644651,0.9484352843612018,4.824612835369641,1.4027548622783582e-06,0.00010881937011806547,SMIM5
ENSMMUG00000022927,12.099081223549154,4.5603975456078425,0.7392733388627298,6.168756948036819,6.8828931199668e-10,1.2042134069252551e-07,RCAN3
ENSMMUG00000023324,3.550743935553212,4.4997201432848515,0.46537618073915415,9.66899538377313,4.0836696707032587e-22,8.609942472978407e-19,PWWP3B
ENSMMUG00000020117,7.076087821348233,4.477946802740894,0.7247534542134678,6.178579455824114,6.46809343985508e-10,1.1562420077375721e-07,SEMA3B
ENSMMUG00000011789,65.53865768028355,4.432168409515465,1.4323335715948684,3.0943688658922888,0.001972321026882084,0.034704251207570785,HHEX
ENSMMUG00000018226,3.01018465229364,4.238371690126906,0.5702298288195461,7.43274286247164,1.0636855649241671e-13,3.644452666821428e-11,KIF27
ENSMMUG00000022766,2.0717109993783662,4.215618423608604,0.7384468810375664,5.708763259566327,1.1380005074445241e-08,1.5340619955272659e-06,CDCA7L
ENSMMUG00000010785,12.193739325213766,4.2097383041151355,0.7408555021063283,5.682266369280401,1.32921422952949e-08,1.7235674589287441e-06,TMEM243
ENSMMUG00000022762,9.846603370281617,4.193477560761007,0.7100366292012155,5.906001730472173,3.505102918776053e-09,5.146868089481337e-07,OMA1
ENSMMUG00000017055,7.1437799684951475,4.138929386380291,0.8851308235941839,4.676065137550688,2.924317543951813e-06,0.00019550132653590048,DIPK2A
ENSMMUG00000004236,7.824756903375073,4.060935567543338,0.5030098752698519,8.073272051298694,6.843888402617679e-16,4.0198067381946555e-13,NAPEPLD
ENSMMUG00000004233,1.2218294302272255,4.0446129090040746,0.793940304115202,5.094353930691992,3.499325071757459e-07,3.307465524719722e-05,LRIG3
ENSMMUG00000009082,3.82831895236308,4.003040540297442,0.5438839166008329,7.360100966610035,1.837711767804401e-13,5.8121168717906116e-11,SBF1
ENSMMUG00000030891,15.54352021670457,3.951588126311114,0.43885944073889327,9.00422267243005,2.171989812904525e-19,1.7860272231513909e-16,HYOU1
ENSMMUG00000021158,8.512386278142923,3.9404803251522913,0.5671024036764349,6.948445817910104,3.693322957118456e-12,9.490685836370331e-10,SPACA9
ENSMMUG00000018121,43.375656094912905,3.8471523460524146,0.7694051540263073,5.000164511402368,5.728141802637428e-07,5.01090532373272e-05,ZFYVE21
ENSMMUG00000016114,5.774338554483115,3.7620980092372034,0.9933464016349651,3.7872971634518477,0.00015229491946367024,0.005284055370252154,CNP
ENSMMUG00000044139,6.7869562622849795,3.7496459124416277,0.7811594742085394,4.800102970319498,1.5858407130591395e-06,0.00011854880166804822,ERO1B
ENSMMUG00000021516,2620.5100933605872,3.677595247595815,1.176027794771815,3.1271329333754228,0.0017652009296830454,0.03225610498840818,CLU
ENSMMUG00000020950,2.010329624545747,3.6005375260944414,0.5568709428481909,6.465658825147188,1.0085840580445941e-10,2.1265606946924866e-08,CERK
ENSMMUG00000012032,6.227034798693417,3.5961538339269117,0.9120323972063311,3.943011065113892,8.046494137431718e-05,0.0031358446110000483,ATP13A3
ENSMMUG00000002656,2.825837233683721,3.570795381100539,0.6939390727102713,5.145690049061978,2.66539200292118e-07,2.6092283857167694e-05,TCF20
ENSMMUG00000029062,1.094674646000568,3.5597290776224537,0.8117679479989249,4.385155987493076,1.1590269293929974e-05,0.0006396428483489005,SPIRE2
ENSMMUG00000016975,7.666760057203287,3.5543800834919805,0.9972597427106753,3.564146762638524,0.00036504167721069136,0.01038313120745864,SLC38A5
ENSMMUG00000058959,1.9476122972351197,3.55365333362033,0.9287551340158591,3.8262543090928953,0.00013010787976046803,0.0046516395446536025,METTL7B
ENSMMUG00000004856,8.312782828392603,3.519504865678854,0.3684649418065204,9.551803893264106,1.274573413224262e-21,1.4972595967061582e-18,MBIP
ENSMMUG00000022035,1.8628361452542754,3.5083579928431186,0.6051117572939777,5.797867832765766,6.716334942649705e-09,9.522141764380781e-07,CDR2
ENSMMUG00000023333,7.9729371953932375,3.4871321068852574,0.38529964101887076,9.050442138134432,1.4239060675678185e-19,1.30097551040113e-16,USP46
ENSMMUG00000018842,1.6126946297918257,3.478501880620645,0.6651968782871317,5.229281727204907,1.7016987974239974e-07,1.8172817157425366e-05,GTF2IRD1
ENSMMUG00000045396,28.66863520056991,3.467153559035199,1.0723196322676782,3.2333209751117473,0.0012236000009514276,0.024997374521317617,SELENBP1
ENSMMUG00000065091,6.311007699627024,3.4647319168099036,0.6881573101833199,5.034796354756335,4.783570962536434e-07,4.32256088186122e-05,MPZL2
ENSMMUG00000021820,71.30858672922982,3.3797156999476132,0.6970333309466837,4.848714616498201,1.2426404105515066e-06,0.00010017874603887292,PARP1
ENSMMUG00000018798,53.58549300615033,3.378534417415624,0.4530845589815462,7.4567414634698,8.868848655530206e-14,3.2753023692129474e-11,SDF2L1
ENSMMUG00000031684,1.3557056579063556,3.3769877573912925,1.0684085848407263,3.1607643417566873,0.0015735575099312304,0.02995223010223266,GASK1A
ENSMMUG00000013048,20.86849860262149,3.3618859086065958,1.1131774364690088,3.0200808949833506,0.002527071800736856,0.04139464425788678,JUP
ENSMMUG00000014905,40.52238129327649,3.349311795071018,0.6586617864692256,5.08502521912664,3.675772244579658e-07,3.434758541724832e-05,ST6GAL1
ENSMMUG00000007457,2.3481045242783236,3.3490642473892582,0.49861703540445557,6.716706429158902,1.8587791854269002e-11,4.4955121299310004e-09,WWC1
ENSMMUG00000032248,0.9835483787571594,3.3327155268474016,0.9322806874000897,3.5747984184264894,0.00035049783779128954,0.010121960336926049,MIIP
ENSMMUG00000003594,2.2450191822224266,3.323898921023737,0.697849640050409,4.763058874378205,1.9068017828233849e-06,0.00013516923327721287,USP13
ENSMMUG00000005217,896.1374381897941,3.317151403388782,0.2755847186312242,12.036775550779554,2.2768216296699294e-33,1.872230426077583e-29,HSPA5
ENSMMUG00000003878,39.54261880336222,3.265054458715202,0.6084894723336286,5.36583557673288,8.057531935515779e-08,9.076313028184417e-06,CPQ
ENSMMUG00000009890,22.814084464567433,3.2615374010044067,0.511736473558195,6.373470662206967,1.8479764096600407e-10,3.706319516252321e-08,FARP1
ENSMMUG00000023227,8.616303976387586,3.258661658984198,0.7315763829678258,4.454301334557313,8.416682155217452e-06,0.000487397023678543,CDKL2
ENSMMUG00000062903,61.97338414580654,3.257541327821714,0.46106481142303185,7.065256873036198,1.6031914968457069e-12,4.3943478928540827e-10,MRPS6
ENSMMUG00000010711,3.7925945202228215,3.2528480527072015,0.8014002340887182,4.058955705704346,4.9292661706328865e-05,0.002133334511637591,LIMD1
ENSMMUG00000023364,3.9986205491458144,3.2526092277952676,0.5251923474142042,6.193177116554648,5.896340698220207e-10,1.0774579902547726e-07,ATP8B2
ENSMMUG00000020212,1.1956758154512044,3.247345243568897,0.9142967763983186,3.55174088698107,0.00038269151801929684,0.010575276821766575,SCNN1A
ENSMMUG00000007052,3.784302931150186,3.235189933537925,1.0627250439404037,3.0442398548757175,0.0023326907846302116,0.03954993056085408,MMP15
ENSMMUG00000052743,8.547407380588872,3.226522102311927,0.8856105668745043,3.643274169253609,0.00026919183718923623,0.008259568944802573,SCD5
ENSMMUG00000004404,19.08823940675544,3.2190491175121325,1.004669408159151,3.204087923220808,0.0013549109269295223,0.02703617250972276,RBMS3
ENSMMUG00000000246,17.15537103458481,3.2146330090399995,0.5340551423515838,6.019290432978762,1.7518329959815184e-09,2.824573083520789e-07,COBL
ENSMMUG00000020148,21.688091168246174,3.197884979180297,0.6330331272819841,5.05168662011554,4.3792577678797006e-07,4.0461389466600874e-05,BAG1
ENSMMUG00000016290,8.429305709323284,3.1923269895839166,0.9976174548408695,3.199951017389853,0.0013745094518628424,0.02728140634900058,WWC3
ENSMMUG00000043096,12.335105948076192,3.1753586861616334,0.603772348935075,5.259198589935901,1.4468457087240254e-07,1.565448981952324e-05,NFX1
ENSMMUG00000009499,2.14553507993452,3.167004199312263,0.8195530329261561,3.8643066062542637,0.00011140521462155358,0.004053473804570952,MEST
ENSMMUG00000013324,10.99284221933968,3.1592530785583848,0.6856914263194088,4.607397667951504,4.0773975443630406e-06,0.0002579110769792099,GPRC5C
ENSMMUG00000008029,12.933562160904716,3.156989149185851,0.7366915216882884,4.285361044947179,1.8244265310838827e-05,0.0009555579213441252,GSTM3
ENSMMUG00000019177,3.9241760832030144,3.152221603296634,0.9882216535696349,3.1897920794492216,0.001423751865413019,0.028008400931318792,GALNT3
ENSMMUG00000021407,1.8713784410915613,3.0886015328314396,0.8135267098788359,3.7965582387472514,0.00014671890617963347,0.00512184655251453,TRAF4
ENSMMUG00000017817,4.633283824443526,3.087039801268917,0.6796266507008536,4.542258309154679,5.565478706304917e-06,0.0003365068485437157,MAGI3
ENSMMUG00000016164,24.50935325602084,3.0746950849655663,0.5906399679698829,5.2057010221197,1.9326559985981174e-07,1.98652878455904e-05,TMED3
ENSMMUG00000044474,39.28154337026657,3.067793173799066,0.6798867015509967,4.512212353618095,6.415490809204836e-06,0.000379529359166125,TNFRSF12A
ENSMMUG00000005469,1.2726767642144954,3.058696049399452,0.635385291756158,4.813923282588809,1.4799564170540568e-06,0.00011268223719847694,ERMP1
ENSMMUG00000009868,7.165343976356124,3.0505108833523544,0.5735303407501718,5.3188308736418675,1.0443615734756843e-07,1.1605115160392637e-05,AHDC1
ENSMMUG00000008331,11.627985701402446,3.0123417136893877,0.5285949455206999,5.698771316706478,1.2067396624352029e-08,1.600487136162044e-06,PLXNB2
ENSMMUG00000015971,1.9800370149393722,3.01086367605218,0.9445866216531253,3.187493456960944,0.0014351170490845798,0.028097541653863092,SORD
ENSMMUG00000022369,4.814241894932081,3.0065728633298665,0.4052298172913592,7.419426545229144,1.176285148082826e-13,3.8690371090740316e-11,TPD52
ENSMMUG00000022110,1.143416716566799,3.000061718470504,0.7708978694523603,3.891646140625248,9.956638810600826e-05,0.0036879928351157927,PPP1R14C
ENSMMUG00000059519,3.857522927584707,2.9888410476185627,0.9062145516170834,3.2981605098761237,0.0009732048519613178,0.021340435993807777,REEP4
ENSMMUG00000018961,2.243467724479148,2.984106462304318,0.571932119023086,5.21758852676687,1.8126759434351235e-07,1.9109787542137206e-05,MEAK7
ENSMMUG00000057568,1.086766364365935,2.955504935407565,0.7947969984286614,3.7185657988778154,0.00020035710590983892,0.006486364101955139,GLIS3
ENSMMUG00000023816,1.3137553482655437,2.943025953839197,0.7455225502572904,3.9476015216756584,7.893804779905888e-05,0.0031207094569791404,SEMA4B
ENSMMUG00000017144,2.868603542256724,2.936059770281639,0.6194969275532749,4.739425878797674,2.143246163178931e-06,0.00014935519660864703,RTL10
ENSMMUG00000016833,20.697217269459394,2.9207010207634414,0.78953558045836,3.6992645968758575,0.00021622508714212572,0.006891546091355426,CREB3L2
ENSMMUG00000004568,7.4696368267075846,2.895251690133954,0.6575051340670615,4.40339024005044,1.0657221357392248e-05,0.0006038467964419839,PDP1
ENSMMUG00000007828,4.403162944075619,2.889129997473296,0.8417755777999947,3.432185577329438,0.0005987377025938738,0.014866620149434842,MTHFR
ENSMMUG00000018575,1.8604257986762078,2.881613938548324,0.6249795221974426,4.6107333699774715,4.012509118401968e-06,0.00025777236312983894,KDM1B
ENSMMUG00000010895,4.84844151886755,2.8811431469241064,0.8822978796410745,3.2654993437093798,0.0010927125870735376,0.023216944095279465,RAC3
ENSMMUG00000023469,1933.537478651368,2.86860085800852,0.4274057390190239,6.711657322600523,1.924261733818424e-11,4.520915496339686e-09,HSP90B1
ENSMMUG00000006509,2.096476337317534,2.86119486723382,0.9410218793985844,3.0405189612195156,0.0023617082042851527,0.0398774672768723,CRTC1
ENSMMUG00000005971,1.9130622475113161,2.8599493541603254,0.6817085879021071,4.195266723808696,2.7255066822295384e-05,0.0013183436145866763,CYP20A1
ENSMMUG00000021097,0.9418878969460551,2.85382701672091,0.9151499780593413,3.1184254877792923,0.0018182010959398075,0.03296296565069222,SUSD1
ENSMMUG00000008418,1.482933898960686,2.833235214744226,0.9157355099722891,3.093944904276959,0.00197514162290443,0.034704251207570785,DNALI1
ENSMMUG00000019662,14.364882962652006,2.8202018967252656,0.9573894653696174,2.9457206275363346,0.0032220327069432094,0.04933850083648792,LGALS3BP
ENSMMUG00000002433,4.97134393722606,2.8168386105314864,0.8649800538142534,3.256535914452863,0.0011278066185471378,0.023597846881203855,CAMK2B
ENSMMUG00000064108,1.8423276628549317,2.7877018465141408,0.7040581654650462,3.959476621754399,7.511419664224295e-05,0.0029983691213066204,PARD6B
ENSMMUG00000017592,1.4358268133400132,2.7591756929675615,0.7850429782898597,3.514681067497934,0.0004402824082971067,0.01164129338722543,MPPED2
ENSMMUG00000023125,49.80239583923083,2.7563414967327162,0.3472223593161873,7.938260376321962,2.0503656999098882e-15,1.1240104766906007e-12,XPC
ENSMMUG00000012138,2.4557847070321754,2.7519607503988754,0.5970872630546321,4.608975807522924,4.046574103513244e-06,0.0002579110769792099,RORC
ENSMMUG00000050449,105.47857979202408,2.6834546218657946,0.3321879484121476,8.078121541412502,6.57720365098956e-16,4.0198067381946555e-13,MANF
ENSMMUG00000013797,17.37158737246307,2.6834045307104977,0.7873382506297711,3.4081978470677794,0.0006539346236914481,0.015861237899909127,GFPT1
ENSMMUG00000008151,804.456709803582,2.6821107891517206,0.7515964899495584,3.5685515100419427,0.00035896028754451106,0.010284775067869388,ATP1A1
ENSMMUG00000002116,17.44915158182897,2.681640967129771,0.5693174038584299,4.710274003491742,2.473839788132251e-06,0.0001695198714817625,BTG3
ENSMMUG00000015288,5.075617695478053,2.6799997365108315,0.664913710134733,4.03059779887495,5.5635173884459544e-05,0.0023460924864200554,AP3S1
ENSMMUG00000022356,6.484133844242031,2.6649194105628506,0.613436639199327,4.344245583441463,1.3975510400145568e-05,0.0007610637219893842,TMEM98
ENSMMUG00000006461,10.754536661238657,2.661093989128694,0.8806371806238332,3.0217824635153443,0.0025129106649943544,0.04135927572479279,ZNF219
ENSMMUG00000004466,13.365855948619789,2.650346925729508,0.621702831173842,4.263044645824384,2.0166020727786034e-05,0.0010364074277786535,NIPAL3
ENSMMUG00000007180,1.1656559860859528,2.6377835722299063,0.668534785639234,3.945619029693021,7.959408000925294e-05,0.0031293671693382544,BTBD8
ENSMMUG00000013787,387.8113153596781,2.615601453543837,0.6075472266871322,4.305182113670959,1.6684842085803406e-05,0.0008794836953305218,RRBP1
ENSMMUG00000013514,15.898410338662918,2.605288604290085,0.558283381557938,4.66660604695021,3.0621563551434203e-06,0.00020306541700277698,KMT5A
ENSMMUG00000016230,1.3894924381925915,2.5988602882124914,0.6139358789747374,4.233113550152084,2.304780612679147e-05,0.0011348629328180016,TMEM63B
ENSMMUG00000021252,8.835681359884338,2.5874635866660927,0.7810639794543486,3.3127421757097224,0.0009238610311258726,0.02047684436374138,TRIP6
ENSMMUG00000013482,3.8497797076830467,2.564615244810509,0.6451574977568098,3.9751769974426203,7.032693318958209e-05,0.0028347959393035956,PAN2
ENSMMUG00000021759,21.448872966040902,2.5645351470300213,0.6843524020410815,3.747389706503979,0.00017868436341136423,0.005948670122800194,TRIB1
ENSMMUG00000010977,10.69848081381981,2.5373324085313023,0.8459746043558541,2.9993009192791185,0.0027059990045819613,0.04337510685122313,TCEA3
ENSMMUG00000008383,19.040739909730004,2.536282073824056,0.46652118762746353,5.436584963530922,5.431144699121992e-08,6.290183501532413e-06,MFSD10
ENSMMUG00000030244,1.1450845466573203,2.525608432138529,0.803692683363096,3.142505194361086,0.0016750874100198373,0.031163447449305704,CACNA2D1
ENSMMUG00000022515,3.0161927652884244,2.508865958414583,0.7108358319200462,3.5294590477211294,0.00041641014609384924,0.01122669059452368,ARHGAP44
ENSMMUG00000001250,1.3463655423260636,2.5075840259078186,0.7630150034198826,3.286415096254549,0.0010147135844744328,0.022074047103527145,PTPN3
ENSMMUG00000019994,6.913756049603429,2.5072650659667013,0.4297191310739142,5.834660094608256,5.390033311557955e-09,7.775832266831767e-07,SDCCAG8
ENSMMUG00000012305,1.8464093588847001,2.4976452731969716,0.6573351204753788,3.7996528641139653,0.00014489891210067038,0.005091896385486378,IGF1R
ENSMMUG00000003688,6.157926491317331,2.486157878981082,0.8199418917806086,3.032114719229765,0.0024284689130330576,0.04075367320789966,ZNF91
ENSMMUG00000012864,207.36739066316073,2.4755934236530277,0.2648424068651962,9.347420803772922,8.981102435779025e-21,9.231450666176365e-18,PDIA6
ENSMMUG00000063599,2.1010320387866552,2.471503619147869,0.5830361050227298,4.239023274641828,2.244943852851365e-05,0.0011256203232924865,LURAP1
ENSMMUG00000018485,3.549788249744408,2.470496899527865,0.5791673809113977,4.265600896998388,1.9936488984531963e-05,0.0010310550246528701,METTL7A
ENSMMUG00000009199,9.760851120571553,2.4625564708649073,0.5141918602659891,4.789178244850158,1.6746568080381811e-06,0.0001229527047544461,PYGB
ENSMMUG00000063437,3.0334863512409123,2.4617712147607724,0.8027949467435698,3.066500635992563,0.0021658034758260643,0.03710292079524526,TPBG
ENSMMUG00000004625,4.6459027003737505,2.4506898783559428,0.8228132148525441,2.9784279519564225,0.0028973113713168597,0.04590480039756944,PGGHG
ENSMMUG00000010874,3.5423882365160466,2.4479633058586385,0.5766937201826944,4.244823933721929,2.1876512482335884e-05,0.0011096325448419807,EXOC6
ENSMMUG00000002667,7.2907871376409155,2.447735541383904,0.8148317359180751,3.0039766905077987,0.002664757399322615,0.0428895475421747,N4BP2
ENSMMUG00000003934,4.272390222852539,2.445863051939897,0.8096354562796757,3.020943602419275,0.002519882906253337,0.04135927572479279,ARSD
ENSMMUG00000008306,20.398002214218668,2.440405236689581,0.5954342706848754,4.098530025627512,4.157823082127841e-05,0.0018581401741487628,PRKX
ENSMMUG00000020324,66.19427896937232,2.4283278140823787,0.5138929699868218,4.725357138364143,2.2971128100674027e-06,0.00015873242552255675,SMIM14
ENSMMUG00000004189,28.92436481976519,2.4214191668883474,0.7839483117307731,3.088748493561297,0.002010015201669314,0.03501770127823468,FNDC3B
ENSMMUG00000053412,1.473673070671943,2.419862039580573,0.6170815938395645,3.9214620298814404,8.801331890442088e-05,0.003349753493530691,OVOL2
ENSMMUG00000018781,4.7965012537474,2.4189984430041407,0.4695425001939227,5.151819999265425,2.579705808991997e-07,2.5557735984748426e-05,SYVN1
ENSMMUG00000019696,4.430508070582309,2.415910355093699,0.5288409342272257,4.568311941706958,4.9166792615239686e-06,0.0003062867694508454,GPD1L
ENSMMUG00000017040,15.789750813325366,2.4113036936599386,0.4666691311282303,5.167052056411604,2.378150440610901e-07,2.3848208625784684e-05,PRDM2
ENSMMUG00000002808,13.791260679792208,2.397285892448959,0.5274282285132288,4.545236229025294,5.487367630030968e-06,0.0003365068485437157,TSC2
ENSMMUG00000016550,4.90314049634234,2.3790614785100015,0.5783213726760138,4.113736048698299,3.8930655977897356e-05,0.0017589383742101646,PLEKHA5
ENSMMUG00000022908,9.790594384336947,2.3516851163820633,0.6601524109926052,3.562336631999979,0.00036756864187517945,0.01038313120745864,WLS
ENSMMUG00000019292,5.511560548032937,2.3466983082178454,0.7542820808838356,3.111168046665094,0.0018634885877824683,0.033291855046525806,NFIX
ENSMMUG00000002130,6.682438602785487,2.3387765539410528,0.3767224290221329,6.208222218177635,5.358734119528601e-10,1.001474333292811e-07,SACM1L
ENSMMUG00000008664,13.149713651611048,2.3288257012939324,0.48155384585247707,4.836065003636921,1.3243462884590766e-06,0.00010471249548075949,FAIM
ENSMMUG00000014087,8.908834447944123,2.3273227301656214,0.6028827510323141,3.8603239621312007,0.00011323679538339925,0.004101965499725516,TRABD
ENSMMUG00000040500,91.29013844077377,2.31818706202464,0.36334558170929876,6.38011628246342,1.7695356960211348e-10,3.6377230070954484e-08,DNAJC3
ENSMMUG00000010109,11.60191997779649,2.3155780226425864,0.3777817933223997,6.129406084603097,8.820772417882014e-10,1.5111085748384125e-07,PLEKHJ1
ENSMMUG00000002285,2.2701177404463513,2.292782654292884,0.5929657892129677,3.866635640710489,0.00011034710138200986,0.004032818731841187,GALNT2
ENSMMUG00000019278,7.709884650862261,2.2854894099989567,0.7735775903548756,2.9544410780442822,0.003132359617749128,0.048568710017395066,MYO9A
ENSMMUG00000020316,2.3904138662687995,2.284490596400799,0.6879360589822208,3.3207891439512984,0.0008976332527423177,0.020003355656639778,DDX19A
ENSMMUG00000009158,2.723619816111766,2.2707477605162074,0.46053729648246505,4.930649000330566,8.195687705556106e-07,7.020118750290402e-05,MARVELD2
ENSMMUG00000002807,5.3094366217001365,2.2697109552489447,0.4530499285970888,5.009847286097838,5.447324377116459e-07,4.833647794512406e-05,NTHL1
ENSMMUG00000014430,107.18642100217856,2.257422571839394,0.6900163306704102,3.2715494858594343,0.0010695986785355363,0.02293421909820594,FOSB
ENSMMUG00000011197,3.637317510748025,2.2333883118570603,0.6143240042386233,3.6355218035555388,0.00027741852751381847,0.008448935376837515,SLC31A1
ENSMMUG00000020186,1.5209757987496129,2.2322250137851647,0.6340430832385143,3.5206204007203814,0.0004305384817257547,0.01153198024505173,SLC20A2
ENSMMUG00000011476,70.70233315965119,2.2284828027600843,0.747387138804007,2.9816980879898125,0.0028665453394236978,0.0455050237955233,SNX5
ENSMMUG00000023260,21.206067388869613,2.223207284600376,0.6637060224886437,3.349686772863984,0.0008090299114700742,0.01847959156116228,STARD7
ENSMMUG00000001582,197.33792412527376,2.211168083582514,0.6039517009452334,3.6611670769729705,0.0002510689578440409,0.007849962130614252,LAPTM4A
ENSMMUG00000000979,2.458187935056885,2.1991813191962284,0.4943500213286872,4.448631990113783,8.641893703068605e-06,0.0004969391043379939,JPT2
ENSMMUG00000054913,16.280325645572653,2.1989425122312873,0.5318665747182663,4.134387488809733,3.5590255560923236e-05,0.0016534388219066202,C1GALT1
ENSMMUG00000010550,1.934151472597276,2.1949657113925447,0.6809728174912886,3.223279483429049,0.001267318354444178,0.02566787888816373,TOM1L1
ENSMMUG00000004392,980.4572271397216,2.1724976577315274,0.3322525252958853,6.538694192908915,6.205826917370282e-11,1.3429082826719954e-08,CALR
ENSMMUG00000003749,18.2006257847058,2.1666684958616322,0.3768463878393548,5.749473965464299,8.952153603244946e-09,1.2476874420251388e-06,NT5C2
ENSMMUG00000022411,17.76176776197101,2.157754788826282,0.7171984486405797,3.008588198867716,0.0026246460637754793,0.0425689636734236,JMJD6
ENSMMUG00000008426,3.3860791159463814,2.1456972638579552,0.5339387039712902,4.0186209538638895,5.8539756332893094e-05,0.002455981715945816,TBCE
ENSMMUG00000008196,29.525577474105333,2.144576146448865,0.567131874332581,3.7814417483987666,0.00015592270983823522,0.005364654573220955,ACO1
ENSMMUG00000001682,32.957120096140784,2.1419712528610972,0.5384886932580798,3.97774601338662,6.957162704922605e-05,0.0028181649715555953,PDIA3
ENSMMUG00000008608,21.00579330993103,2.122650497379155,0.3565562988072672,5.9531987079732716,2.6295171076101193e-09,3.931367122886911e-07,STT3B
ENSMMUG00000004465,8.430036411954283,2.1122563651126627,0.7185594390430097,2.9395708278855865,0.0032866714236201534,0.04995619060337989,ENAM
ENSMMUG00000005779,3.9622554564921804,2.1078761352770825,0.5102456486296226,4.131100658943883,3.610304391087566e-05,0.001667838933028823,GMDS
ENSMMUG00000049493,22.83448560656474,2.1023036514867584,0.42911308730162134,4.899183254247988,9.623585571743247e-07,7.913474415644471e-05,NANS
ENSMMUG00000022005,1.8559282844063878,2.0934451150058795,0.6774539145070358,3.090166091267213,0.0020004459486925334,0.03492498309150467,ZBTB14
ENSMMUG00000004738,28.088771398967086,2.086525620508918,0.31698287331615793,6.582455382148746,4.627416954574774e-11,1.056979156040788e-08,NRDC
ENSMMUG00000063700,7.273878075620815,2.0744542232093597,0.43406797990411444,4.779099862808601,1.7608172647158363e-06,0.0001281345165288347,DNAJB9
ENSMMUG00000002269,39.004415162906135,2.0744224794428225,0.5896781379021117,3.517889414762707,0.00043499359555826823,0.011575897528400129,SCPEP1
ENSMMUG00000018338,4.1784871262957175,2.0660802182661473,0.5749322600534886,3.5936063460309744,0.0003261324491395949,0.009612140248297093,RCC1
ENSMMUG00000014350,12.075859666594559,2.0625205353902283,0.461229913468044,4.471783974031269,7.756976595537018e-06,0.0004523802733695099,MXI1
ENSMMUG00000012304,5.2956086352223695,2.0552066857869455,0.4518721953969859,4.5482034670917795,5.4105812477682095e-06,0.00033452037293532324,RRP1
ENSMMUG00000014407,41.88816949163994,2.0461042323606113,0.4465974859093667,4.581539970370213,4.615643605375664e-06,0.00028972852951911513,MAGT1
ENSMMUG00000044809,72.02062077903804,2.0309687095692786,0.332528980347362,6.10764423433926,1.0111242479020582e-09,1.6628949380997248e-07,PPP1CB
ENSMMUG00000001348,3.650206209058275,1.995321764863421,0.6065760229256977,3.2894834108994067,0.0010037147307228951,0.021892695572239697,ERBB2
ENSMMUG00000054068,93.74582142645691,1.9941817234398393,0.43222067820031684,4.6138045309244005,3.953642723333579e-06,0.00025599058357458286,COMT
ENSMMUG00000020592,9.477645937715009,1.964134012610919,0.5848848618652198,3.3581549817296037,0.0007846460635780977,0.018022750225705857,GSE1
ENSMMUG00000014806,6.123920705383044,1.9472965255520782,0.6444821548412158,3.0214902164852693,0.002515337687084923,0.04135927572479279,MAML2
ENSMMUG00000000642,2.995272819973357,1.9428252125346064,0.6298154799255958,3.0847530339586524,0.0020372123758383757,0.03541648491864474,THADA
ENSMMUG00000056814,19.722322885361006,1.9241178288525513,0.5382022082154322,3.575083489962871,0.00035011615010202107,0.010121960336926049,TXNDC17
ENSMMUG00000011424,3.478538208810191,1.9123359034263163,0.6140077355339782,3.114514350154291,0.0018424799407162167,0.033152543878576475,EFCAB2
ENSMMUG00000047067,3.9928723812000864,1.9114916491503675,0.5348696556936458,3.573752275536082,0.00035190187568927506,0.010121960336926049,SERTAD2
ENSMMUG00000037718,1.5325053661233952,1.903359587049047,0.6082579304933364,3.129198143796168,0.0017528406535937333,0.03217653031092922,PRSS22
ENSMMUG00000009017,1.6596586040675243,1.8882411449551726,0.6402534814520382,2.9492087113260346,0.0031858874273128003,0.049059086731822396,TCF3
ENSMMUG00000045241,422.05759575710397,1.8847517435880707,0.19661602320187951,9.585951912234862,9.160893894530574e-22,1.2555005082454152e-18,PPIB
ENSMMUG00000001939,15.948971269652409,1.883561906535766,0.47415164078941385,3.972488428806929,7.112569228330987e-05,0.0028530076470519856,SIL1
ENSMMUG00000002884,14.571911568883843,1.8783492886910613,0.3355758279949673,5.597391504370306,2.1760094243983732e-08,2.7111099237617912e-06,RP9
ENSMMUG00000061193,4.344370019757196,1.843605215212532,0.4952182352625761,3.7228136686748017,0.00019701491962800506,0.006428784460718593,HSPB11
ENSMMUG00000016327,37.72955510932338,1.829740001154493,0.4892935612012595,3.7395546278236678,0.00018434658429537594,0.006094206180118656,CCDC107
ENSMMUG00000002440,26.948906300860163,1.8054205379173007,0.5872973274455114,3.0741167268206326,0.002111268087585761,0.03662649258273779,FAM3C
ENSMMUG00000054996,4.850912029513134,1.8010279163430054,0.5242407441349094,3.4354977870234453,0.000591466293775487,0.014738264647623728,DCPS
ENSMMUG00000018420,5.075071205934926,1.8002818126700104,0.529887813899745,3.3974772875426504,0.000680102332996798,0.01630461074120312,NUP58
ENSMMUG00000014620,2.9977729516985407,1.7965316926983934,0.5390722008641954,3.3326364999314455,0.0008602725875089102,0.019434124964521342,TRIM33
ENSMMUG00000044472,50.35814808295928,1.7959609702813055,0.5633495019078213,3.188004896071021,0.0014325811078154632,0.028097541653863092,DDAH2
ENSMMUG00000011273,6.6863322227447455,1.7948165257526167,0.5939556176254581,3.0218024251172393,0.0025127449681862555,0.04135927572479279,ALG12
ENSMMUG00000006450,26.54460475601944,1.7913415539881612,0.42060387332043897,4.2589754103938535,2.0536605765240877e-05,0.0010488975727178617,HTATSF1
ENSMMUG00000019611,3.122904847219237,1.7889488447130992,0.5022985102608263,3.5615252846044876,0.00036870659279799624,0.01038313120745864,ARRDC1
ENSMMUG00000040181,31.94032304774567,1.7828628309614274,0.44658077921560896,3.992251601362947,6.544887635683047e-05,0.00267754283722496,DNAJB11
ENSMMUG00000013150,3.3049582052264226,1.7824238838877668,0.4807301156844781,3.707743338171976,0.00020911444039333645,0.006743325660213356,MORC4
ENSMMUG00000001484,69.50221761475794,1.7805192373686622,0.5835481664914072,3.0511949820253284,0.002279325042439101,0.038966506910554526,LAMP2
ENSMMUG00000012370,207.70977830206806,1.779035074621247,0.5504923585289795,3.2317162028827577,0.0012304919819337212,0.024997374521317617,CANX
ENSMMUG00000011774,6.58473190252475,1.77158030484794,0.36133272024725527,4.90290584156251,9.442925411065292e-07,7.880606577102176e-05,INTS10
ENSMMUG00000055446,7.5625122129484526,1.7565903728839318,0.4819228232192965,3.644961990282424,0.00026743132381008193,0.008236283804083535,CKAP4
ENSMMUG00000015733,11.557542662511809,1.7421559312506565,0.5109961098635072,3.409333060707656,0.0006512192097701874,0.015843122964320267,SORBS2
ENSMMUG00000002151,6.0544542610495755,1.7420754475188274,0.4972537767694654,3.503393094038742,0.0004593710070912921,0.011991770766068872,ZMAT1
ENSMMUG00000012042,29.10148420227542,1.7331684307325133,0.4971374528491916,3.486296236180532,0.0004897583319845971,0.012585258637216695,SMARCA4
ENSMMUG00000011133,9.441110129157897,1.7310618272653737,0.5067340115588531,3.4161153342364994,0.0006352133725416744,0.015638801085060446,LMF1
ENSMMUG00000018983,6.8728240166621966,1.7266642056237727,0.4421492004705539,3.9051618860470256,9.416232879706629e-05,0.0035356019620925846,COMMD2
ENSMMUG00000002626,2.413975521947895,1.707669305658515,0.48139647451260137,3.547324079154248,0.0003891655568567211,0.010702703592083003,ZFAND1
ENSMMUG00000007666,3.1718884143884374,1.7040386184658864,0.4764654977487292,3.5764155568815923,0.0003483377675354892,0.010121960336926049,THOC6
ENSMMUG00000064953,65.92960832518406,1.6998024558825464,0.4649264895134081,3.656067129368256,0.0002561143130611253,0.007966174318845689,NUDT4B
ENSMMUG00000016408,18.947131792932737,1.6570777012960896,0.41555902838263115,3.987586812264646,6.674878298691655e-05,0.002717204170799083,AHCTF1
ENSMMUG00000017438,2.737410430831876,1.656286802888513,0.48267010449170544,3.4315089902506606,0.0006002332347819977,0.014866620149434842,DCBLD2
ENSMMUG00000001199,20.319629111201735,1.650418511749785,0.35178638450055405,4.69153606980257,2.711614531755994e-06,0.0001827672647100782,SETD3
ENSMMUG00000004351,188.01070668723665,1.6483984603851773,0.5089895711235833,3.2385702063529,0.001201304509010955,0.024819917029138397,HMGN3
ENSMMUG00000002984,6.958470791570671,1.6345793649003835,0.5225313977568616,3.1281935820839757,0.0017588429776300124,0.03221150513374519,PDXDC1
ENSMMUG00000005656,14.469476356662714,1.6338911908981082,0.3349027310252318,4.878703693745064,1.0678534538605186e-06,8.69401876346044e-05,IMPDH2
ENSMMUG00000012837,5.566073690762115,1.6334127385577941,0.4244235170668344,3.848544373427307,0.00011882177579002062,0.004285401150532191,WTAP
ENSMMUG00000019203,8.142441711126763,1.6319680716562392,0.4796959045114168,3.4020888156600853,0.0006687290141063253,0.01607882655846875,TVP23B
ENSMMUG00000006225,4.739022764347446,1.624619522413929,0.5191755108123233,3.129229881956456,0.0017526513232179659,0.03217653031092922,CLSTN1
ENSMMUG00000009242,157.3188415853884,1.619477208669059,0.38241960252294427,4.234817457015411,2.2873743861901515e-05,0.0011330770829904588,P4HB
ENSMMUG00000053870,3.1879218841026855,1.6173889222060405,0.5448285668177472,2.9686198938740302,0.0029914037826935147,0.04712320556530416,ZFP30
ENSMMUG00000019058,31.785345539102117,1.6132086630529816,0.36672798350777774,4.398924367926692,1.0878872825207265e-05,0.0006085508247733288,ACBD3
ENSMMUG00000003641,13.143333717372808,1.6113973798802947,0.394565912855619,4.083975141739989,4.4271768869753276e-05,0.001957240620516028,MARK3
ENSMMUG00000023488,39.266303110522784,1.609899439066303,0.4013972909850982,4.010738176920258,6.0529204517847735e-05,0.002513796205809404,KAT6B
ENSMMUG00000011584,6.170136980438337,1.6082876501967185,0.4324552981815458,3.718968543013561,0.00020003795922039376,0.006486364101955139,CHD7
ENSMMUG00000005269,9.469970328394423,1.6046302648673985,0.4705862962714926,3.409853362881711,0.0006499781625209712,0.015843122964320267,TRAPPC10
ENSMMUG00000053488,35.82531789813791,1.5975803374424096,0.4058842044806956,3.9360495427172815,8.28338797776587e-05,0.003197854429162852,SMIM19
ENSMMUG00000054142,660.3446601980977,1.5897549794490329,0.4476468333845576,3.5513598240587365,0.00038324607720861473,0.010575276821766575,MT1E
ENSMMUG00000058836,48.63923431663262,1.5733000015767036,0.2863792711404281,5.493763551081967,3.9345720772742815e-08,4.621998027346631e-06,TMED2
ENSMMUG00000003857,157.45461495191756,1.560072536780431,0.20285522559522537,7.6905711065751845,1.4647969261574906e-14,6.339486907259497e-12,NME3
ENSMMUG00000002554,29.245030840297993,1.5536074621093245,0.46285176992385796,3.356598295745748,0.0007890766644355181,0.018074031787335,TOB2
ENSMMUG00000009539,3.687085632489631,1.5495174822585067,0.523491886851278,2.9599646549989775,0.0030767433899952295,0.04791678199986888,XAB2
ENSMMUG00000015814,5.312506563006687,1.5489268548204191,0.46103815561859585,3.359650033178173,0.0007804126338427547,0.01797572293582345,FMR1
ENSMMUG00000040085,13.662317949603151,1.5416958189193546,0.3970550131736933,3.88282673122914,0.00010324914271975083,0.0037902575918951384,SLC33A1
ENSMMUG00000022514,57.264664956202836,1.5416332920831202,0.39305807454755015,3.9221514374375768,8.776180134710357e-05,0.003349753493530691,CCDC186
ENSMMUG00000005509,58.18331976315577,1.5403989179041153,0.3604883467432155,4.2730893573138955,1.9278315361777305e-05,0.001003326501391739,TMEM50B
ENSMMUG00000010633,15.185941890081434,1.5346224288514532,0.3407579987887613,4.503555116259438,6.682602614344311e-06,0.00039250743784109476,PHF20
ENSMMUG00000016598,48.90767115188153,1.5245050682620023,0.4673203454559713,3.2622270420829214,0.0011054057102002125,0.02324744540914667,SEC63
ENSMMUG00000048418,190.87810055423682,1.5034690299481779,0.37279406361273953,4.032974708282881,5.5075209224278274e-05,0.0023460924864200554,PPDPF
ENSMMUG00000046901,71.46893521645265,1.4955919034846226,0.35741975652097097,4.184413077895629,2.8590381579073283e-05,0.0013748462440042082,PTP4A2
ENSMMUG00000010035,3.021955412912914,1.484469269136088,0.49302246380607434,3.0109566563684806,0.0026042602414213137,0.04240560785189597,ZNF92
ENSMMUG00000017542,21.11595366687732,1.481349821452072,0.3089631377619524,4.794584338386061,1.6301247407514716e-06,0.00012076140309188605,UBE2H
ENSMMUG00000003292,11.009937507520107,1.4808451781904053,0.46496407240886795,3.184859360247986,0.0014482437295867193,0.028220161583866334,SLC38A10
ENSMMUG00000020819,34.53758892079573,1.4600651859519609,0.41103420859186807,3.5521743821612586,0.00038206156630265836,0.010575276821766575,PPP2CB
ENSMMUG00000014005,21.72609861484839,1.4435025105685022,0.411071277472101,3.511562567556113,0.00044548058623782814,0.011703472398190608,SNX1
ENSMMUG00000000700,12.63306142527364,1.427807022722792,0.45885478236526295,3.1116751477730316,0.0018602908392767804,0.033291855046525806,CLN3
ENSMMUG00000010016,36.8283119737143,1.4270473413883946,0.45778805212697543,3.117266461538359,0.0018253650556391172,0.03298896011542959,SEL1L
ENSMMUG00000004376,85.99237120803133,1.418075153755478,0.45863803152937316,3.0919266529789704,0.0019886197877515928,0.03481342821959976,CIB1
ENSMMUG00000010879,19.00231798241853,1.4167385837786375,0.43125393523488453,3.2851609412143774,0.001019241334746314,0.02210902559133369,NADK
ENSMMUG00000015409,12.658558130959566,1.409089412659383,0.38891310996636436,3.6231471157689943,0.0002910401764079214,0.00879861533309683,HBP1
ENSMMUG00000017404,4.2843538070930745,1.4043576159692834,0.47549408876184074,2.953470188506759,0.00314222956697728,0.048568710017395066,IQCA1
ENSMMUG00000015363,15.485066642429016,1.3911714600708665,0.28759333119662545,4.837286922761546,1.3162336261612264e-06,0.00010471249548075949,DTNBP1
ENSMMUG00000007635,30.34076581304075,1.3831712985902045,0.4542837405609701,3.044729923378288,0.002328893410564426,0.03954993056085408,ZNF644
ENSMMUG00000047035,9.03225169990479,1.3492914397984799,0.42933580636784985,3.142741462011726,0.0016737360206151486,0.031163447449305704,MAN1A2
ENSMMUG00000001960,13.21444146044551,1.3458985653639195,0.3364924379539858,3.99978844561127,6.339913237421304e-05,0.002606655327565769,CCDC17
ENSMMUG00000002400,20.695264743374782,1.34267588062299,0.37353843453943625,3.5944785234174805,0.0003250419545536626,0.009612140248297093,DEGS1
ENSMMUG00000015774,5.4224297651047655,1.300975277297547,0.4424423509848559,2.940440205151331,0.0032774625288636626,0.04990847106452944,NPM3
ENSMMUG00000005279,16.990807792619194,1.2776314299499294,0.3089510967832562,4.135384024372789,3.5436154394837834e-05,0.0016534388219066202,LARP4B
ENSMMUG00000019656,9.655740966236733,1.2560956024321699,0.40141519623710686,3.129168038995272,0.0017530202577278721,0.03217653031092922,TTC14
ENSMMUG00000058330,20.925100737423822,1.2555674911264256,0.3105665407110616,4.042829237984636,5.281008206530601e-05,0.002261756795953184,WWP1
ENSMMUG00000023650,17.159252860346843,1.2035546043397731,0.3356285674732377,3.5859718777834426,0.00033582515034067284,0.009862465040183403,RWDD4
ENSMMUG00000016970,118.92036366504065,1.1932612836816454,0.21505498340087212,5.548633492753586,2.879110108771805e-08,3.481606238886846e-06,SSR3
ENSMMUG00000013888,17.365405407218198,1.1752208254061456,0.33458391625936457,3.512484516724741,0.00044393787030032745,0.011700324062434592,NOP56
ENSMMUG00000021486,10.577809212089992,1.1582329833282436,0.3554438717847335,3.258553811921397,0.0011198163657264724,0.02349043361063465,SCRN2
ENSMMUG00000023397,8.514511810207324,1.151510908127336,0.35594930940112135,3.235041838021075,0.0012162490751490367,0.024964431114110095,PEF1
ENSMMUG00000008836,137.79698690114836,1.1122068088768315,0.2646471143284448,4.202603197465846,2.6386289019213016e-05,0.001283872512455554,KIF17
ENSMMUG00000004225,18.13966284050535,1.0989070759962458,0.30558973918805993,3.59602085762434,0.0003231219032095454,0.009592931809784867,THUMPD1
ENSMMUG00000011106,7.935598939890088,1.0867448545466958,0.3436215892951783,3.1626210005482482,0.0015635574261725974,0.02983093437451802,SNX4
ENSMMUG00000018617,33.14103058695909,1.063815973949129,0.311583508784058,3.4142242575694324,0.000639639032806955,0.015700751542601765,ARF4
ENSMMUG00000013265,18.227101420949293,1.0614080571216966,0.31401576354321464,3.3801107471333243,0.0007245662768983578,0.017071944111562168,PPFIA1
ENSMMUG00000008870,20.816294111481874,1.045983931830538,0.27425752062891534,3.8138751106330044,0.00013680462112099744,0.004848898273611905,FAM117A
ENSMMUG00000010008,98.71614337611733,1.0317355944876057,0.1724140573009582,5.984057278384526,2.176467194407792e-09,3.4417480268490914e-07,IK
ENSMMUG00000012156,21.163212535391892,1.022215598352846,0.262031335083786,3.9011196810716804,9.574879647432057e-05,0.0035788288791288093,ZCCHC17
ENSMMUG00000016031,19.236544109748685,1.00447665719202,0.307740133577693,3.2640417923859344,0.0010983496276216827,0.0232178123083113,PRSS53
ENSMMUG00000019597,24.215334681072353,0.9888324112669068,0.2749811877587325,3.5960002185113287,0.00032314752660955954,0.009592931809784867,TBL1XR1
ENSMMUG00000016741,134.00657732909394,0.9886877822739745,0.334008045386472,2.9600717585409946,0.0030756739332467734,0.04791678199986888,MATR3
ENSMMUG00000017023,34.1460140094232,0.9671225543353879,0.30677186686567964,3.1525790295458984,0.0016183500782915301,0.030452386026982272,TUT4
ENSMMUG00000000801,11.15893182009546,0.9618691028517462,0.28432459592058146,3.3829964647885014,0.0007169955523578112,0.016942110422523797,TMEM183A
ENSMMUG00000003067,18.85232558899903,0.9568556978813674,0.2725848040978969,3.5103046226220274,0.00044759360306728576,0.011721535662491372,ERGIC1
ENSMMUG00000052666,45.10043348827277,0.9560831345263527,0.31143546531256766,3.0699237595396975,0.002141134203316876,0.036920559872816026,PDCD5
ENSMMUG00000022200,62.73886012150635,0.9515977111304024,0.2631285031854114,3.6164752188016154,0.00029864189348818116,0.008995356374187961,SLTM
ENSMMUG00000013520,46.62258412703353,0.9339893575495093,0.2643228040491735,3.5335178926739657,0.00041006833219286645,0.011092078604019541,PUM1
ENSMMUG00000012248,167.5179040166815,0.904115097176065,0.2771407227685497,3.262296093277943,0.001105136461134361,0.02324744540914667,UBXN4
ENSMMUG00000001561,100.23966060901326,0.9040106577720685,0.16076482669555206,5.623186839768353,1.8746645026758457e-08,2.371594800846689e-06,CFDP1
ENSMMUG00000005182,20.134854234217265,0.8816375821864787,0.2900490374306729,3.0396156111954222,0.002368802666267172,0.03991529574736671,COPZ1
ENSMMUG00000005960,439.3520799852054,0.8742798820433292,0.17835256930043872,4.901975258739256,9.487778804975257e-07,7.880606577102176e-05,TMBIM6
ENSMMUG00000016192,86.74213011640792,0.8738033821844576,0.24975552541522253,3.498634837934999,0.00046764656539163195,0.012169169959542371,LMAN2
ENSMMUG00000019904,414.45869528279894,0.8549310364138596,0.20962166584315062,4.0784478692844734,4.533736527410463e-05,0.001977550555853851,CCNI
ENSMMUG00000005630,149.6099885522994,0.8258902232652311,0.2648656840221165,3.1181473217809086,0.0018199180840829706,0.03296296565069222,EIF5
ENSMMUG00000010685,141.8794717829879,0.8107876882603112,0.2146354024650916,3.7775114400904948,0.00015840323100557393,0.005427290702328477,SPCS2
ENSMMUG00000005925,244.7248210096876,0.7911925247774908,0.24913236145157586,3.175791856857086,0.0014942812455469327,0.028843837282001003,PNISR
ENSMMUG00000001131,48.83450462486144,0.767575756840683,0.22437255542358672,3.420987720140719,0.0006239414944327416,0.015407420146307612,DAP
ENSMMUG00000013852,139.1056412398785,0.6438450918413994,0.18063163184077388,3.5644094297334723,0.00036467634313230765,0.01038313120745864,SRSF11
ENSMMUG00000058373,211.34119688535142,0.5955992993752327,0.14773984876356777,4.03140590950778,5.544419261874302e-05,0.0023460924864200554,ARL6IP5
ENSMMUG00000014622,96.35467001303455,0.581558105918923,0.19270106661401004,3.017928837331312,0.0025450866203891556,0.04160685343829031,THRAP3
ENSMMUG00000013766,212.13977575172993,0.5544522235343353,0.17751412804058508,3.1234258909666663,0.0017875887619443966,0.0325927769167822,PTGES3
ENSMMUG00000003710,74.20816180472468,0.5433861189085765,0.18143894644019182,2.9948703383134676,0.0027456152804723613,0.04383921252684316,BCLAF1
